Modelo,Accuracy,F1,ROC-AUC,MAE,RMSE,Tiempo,Confusion
Random Forest,0.5225894213402054,0.5053935014975134,0.7099334291274211,0.5884933080416859,0.9003659071763371,341.5534930229187,"[[153024  37380  31867]
 [ 88559  55729  72264]
 [ 41627  44165 137000]]"
