Modelo,Accuracy,F1,ROC-AUC,MAE,RMSE,Tiempo
CatBoost,0.5513689985867914,0.5493364753959815,0.7391386825578768,0.5194561791978719,0.8130845803280238,1067.7305982112885
